City_ID,City,Cloudiness,Country,Date,Humidity,Lat,Lng,Max Temp,Wind Speed
0,ushuaia,75,AR,1553191200,76,-54.81,-68.31,53.6,12.66
1,houston,1,US,1553194041,18,29.76,-95.37,75.99,5.82
2,georgetown,75,GY,1553191200,58,6.8,-58.16,87.8,11.41
3,cape town,0,ZA,1553193935,77,-33.93,18.42,64.99,21.92
4,polyarnyy,75,RU,1553191200,74,69.2,33.45,30.2,4.47
5,taua,8,SL,1553194215,41,8.79,-12.72,92.7,15.23
6,kodiak,1,US,1553194108,25,39.95,-94.76,52.0,8.05
7,saskylakh,88,RU,1553194219,73,71.97,114.09,5.31,11.43
8,bambous virieux,40,MU,1553194142,78,-20.34,57.76,82.4,6.93
9,san jose,0,PH,1553194088,95,15.79,120.99,63.72,1.92
10,bredasdorp,76,ZA,1553193921,77,-34.53,20.04,64.4,4.7
11,ulagan,0,RU,1553194222,58,50.63,87.96,-2.79,2.15
12,miri,64,NG,1553194222,42,10.31,9.75,88.47,2.59
13,yatou,8,CM,1553194223,87,3.63,9.81,86.4,13.78
14,aquiraz,40,BR,1553194095,66,-3.9,-38.39,88.0,10.29
15,maraa,88,BR,1553194223,90,-1.83,-65.37,81.54,2.71
16,sitka,0,US,1553193931,40,37.17,-99.65,62.01,4.0
17,hermanus,24,ZA,1553193935,87,-34.42,19.24,64.99,4.16
18,atuona,68,PF,1553194224,100,-9.8,-139.03,80.91,14.9
19,gigmoto,48,PH,1553194225,100,13.78,124.39,75.24,6.96
20,omsukchan,44,RU,1553194225,49,62.53,155.8,-18.81,2.48
21,airai,8,TL,1553194225,87,-8.93,125.41,66.87,1.7
22,nanortalik,44,GL,1553194225,100,60.14,-45.24,21.87,26.31
23,coquimbo,75,CL,1553191200,77,-29.95,-71.34,59.0,13.87
24,bahir dar,24,ET,1553194226,67,11.59,37.39,61.02,2.71
25,mount isa,0,AU,1553191200,65,-20.73,139.49,77.0,3.36
26,nepomuceno,92,BR,1553194226,100,-21.23,-45.23,67.5,4.61
27,vieques,20,PR,1553194226,51,18.43,-65.83,88.0,16.11
28,yulara,0,AU,1553191200,29,-25.24,130.99,77.0,5.82
29,bluff,0,AU,1553194227,92,-23.58,149.07,69.3,4.16
30,provideniya,68,RU,1553194227,100,64.42,-173.23,3.15,20.15
31,maple creek,0,CA,1553194231,79,49.91,-109.46,51.39,4.38
32,klaksvik,36,FO,1553192400,86,62.23,-6.59,39.2,4.7
33,erenhot,0,CN,1553194231,67,43.65,111.97,13.77,8.08
34,santa isabel do rio negro,80,BR,1553194096,89,-0.41,-65.02,80.19,3.71
35,aykhal,48,RU,1553194235,77,65.95,111.51,9.72,11.1
36,cabo san lucas,5,MX,1553193969,16,22.89,-109.91,84.2,11.41
37,fallon,1,US,1553190960,61,46.84,-105.12,46.4,5.82
38,busselton,20,AU,1553194215,56,-33.64,115.35,69.01,19.15
39,nago,0,IT,1553194234,35,45.88,10.89,55.4,4.7
40,half moon bay,1,US,1553194010,71,37.46,-122.43,62.01,10.29
41,puerto ayora,0,EC,1553194056,70,-0.74,-90.35,84.2,6.93
42,ribeira grande,40,PT,1553191200,72,38.52,-28.7,62.6,5.82
43,thaton,0,MM,1553194237,95,16.91,97.37,80.28,9.98
44,pevek,32,RU,1553194237,81,69.7,170.27,-18.63,2.93
45,mataura,44,NZ,1553194207,94,-46.19,168.86,57.0,2.71
46,mar del plata,24,AR,1553194238,41,-46.43,-67.52,68.76,6.62
47,surgut,40,RU,1553191200,100,61.25,73.4,28.4,6.71
48,fortuna,20,ES,1553194230,47,38.18,-1.13,57.99,12.75
49,beloha,100,MG,1553194239,70,-25.17,45.06,77.76,8.3
50,huarmey,24,PE,1553194239,58,-10.07,-78.15,79.29,3.71
51,wells,75,GB,1553194217,87,51.21,-2.64,55.0,4.7
52,san patricio,0,PY,1553194239,63,-26.98,-56.83,75.96,6.17
53,havre,1,US,1553194029,94,48.55,-109.68,48.0,3.36
54,flinders,90,AU,1553194225,100,-34.58,150.85,70.0,3.36
55,usinsk,88,RU,1553194241,90,66.0,57.56,27.72,10.09
56,victoria,75,BN,1553191200,88,5.28,115.24,80.6,7.74
57,cap-chat,56,CA,1553194241,71,49.1,-66.68,37.62,12.33
58,bonavista,64,CA,1553194007,52,48.65,-53.11,39.0,20.0
59,copiapo,0,CL,1553191200,56,-27.37,-70.33,69.8,6.93
60,tucupita,0,VE,1553194242,48,9.06,-62.05,90.9,9.53
61,hobart,75,AU,1553193975,87,-42.88,147.33,59.0,3.36
62,yellowknife,20,CA,1553194001,69,62.45,-114.38,35.01,19.46
63,saint-augustin,0,FR,1553193948,38,44.83,-0.61,59.0,3.36
64,punta arenas,75,CL,1553193794,71,-53.16,-70.91,53.6,13.87
65,albany,90,US,1553194219,65,42.65,-73.75,46.99,14.99
66,vuktyl,88,RU,1553194243,79,63.86,57.31,29.07,4.94
67,kingsville,90,US,1553194233,93,39.45,-76.42,51.8,5.82
68,nikolskoye,0,RU,1553193885,89,59.7,30.79,42.8,6.71
69,kavieng,12,PG,1553194244,100,-2.57,150.8,83.07,6.29
70,naze,75,NG,1553191200,83,5.43,7.07,82.4,9.17
71,ponta do sol,80,BR,1553194244,83,-20.63,-46.0,75.24,6.62
72,ostrovnoy,8,RU,1553194244,87,68.05,39.51,22.59,10.65
73,rikitea,0,PF,1553194248,100,-23.12,-134.97,78.57,20.49
74,hualmay,12,PE,1553194248,72,-11.1,-77.61,77.76,4.94
75,pemberton,80,AU,1553193903,93,-34.44,116.03,64.99,1.99
76,lavrentiya,68,RU,1553194248,100,65.58,-170.99,1.17,32.91
77,pisco,0,PE,1553191200,30,-13.71,-76.2,71.6,9.17
78,sao gabriel da cachoeira,75,BR,1553191200,88,-0.13,-67.09,80.6,4.7
79,sao miguel do araguaia,56,BR,1553194249,99,-13.28,-50.16,81.27,6.62
80,killybegs,90,IE,1553194023,81,54.63,-8.45,53.6,18.34
81,khatanga,68,RU,1553194249,86,71.98,102.47,8.28,9.86
82,epe,0,DE,1553194225,76,52.18,7.04,57.0,4.38
83,portland,90,US,1553194113,66,45.52,-122.67,55.99,3.36
84,katsuura,75,JP,1553194049,63,33.93,134.5,64.4,16.11
85,port alfred,0,ZA,1553194047,87,-33.59,26.89,64.99,3.0
86,dingle,32,PH,1553194251,85,11.0,122.67,76.23,10.2
87,grindavik,40,IS,1553193000,74,63.84,-22.43,35.6,17.22
88,tuktoyaktuk,90,CA,1553191200,78,69.44,-133.03,15.8,10.29
89,palamos,0,ES,1553194205,43,41.85,3.13,55.99,5.82
90,jamestown,0,AU,1553194252,88,-33.21,138.6,56.97,4.61
91,tuatapere,88,NZ,1553194207,94,-46.13,167.69,57.0,2.93
92,victor harbor,20,AU,1553194204,82,-35.55,138.62,66.0,6.93
93,ulaangom,0,MN,1553194253,46,49.98,92.07,-5.85,1.92
94,east london,0,ZA,1553191200,72,-33.02,27.91,62.6,11.41
95,inhambane,0,MZ,1553194014,90,-23.87,35.38,79.2,7.85
96,vallenar,0,CL,1553194254,68,-28.58,-70.76,72.09,2.93
97,zaysan,0,KZ,1553194254,64,47.47,84.87,12.87,2.59
98,barrow,0,AR,1553194254,86,-38.31,-60.23,63.18,7.63
99,bethel,90,US,1553190960,92,60.79,-161.76,30.2,6.93
100,le locle,0,CH,1553194248,60,47.06,6.75,46.99,3.94
101,torbay,75,CA,1553194068,44,47.66,-52.73,41.0,21.92
102,kieta,68,PG,1553194256,100,-6.22,155.63,77.94,3.38
103,daule,40,EC,1553193905,66,-1.87,-79.98,90.0,9.17
104,zhigansk,64,RU,1553194256,74,66.77,123.37,-6.66,7.74
105,husavik,0,CA,1553194256,91,50.56,-96.99,35.19,10.54
106,thompson,75,CA,1553191200,64,55.74,-97.86,33.8,14.99
107,parit buntar,75,MY,1553193000,83,5.13,100.49,82.4,2.24
108,hilo,90,US,1553194226,82,19.71,-155.08,69.01,9.17
109,castlemaine,75,IE,1553191200,76,52.17,-9.7,53.6,5.82
110,new norfolk,75,AU,1553194215,87,-42.78,147.06,59.0,3.36
111,ponta grossa,68,BR,1553194264,83,-25.09,-50.16,67.68,12.55
112,longyearbyen,20,NO,1553190600,79,78.22,15.63,21.2,13.87
113,aripuana,48,BR,1553194219,76,-9.17,-60.63,86.04,2.93
114,sancti spiritus,56,CU,1553194265,65,21.93,-79.44,80.73,6.4
115,porto novo,75,BR,1553191200,88,-23.68,-45.44,69.8,8.05
116,ericeira,0,PT,1553194002,67,38.96,-9.42,64.0,6.93
117,poindimie,92,NC,1553194265,99,-20.93,165.33,79.74,15.79
118,vostok,76,RU,1553194266,74,46.45,135.83,16.83,2.71
119,itarema,64,BR,1553194269,100,-2.92,-39.92,79.47,7.63
120,arraial do cabo,75,BR,1553191200,94,-22.97,-42.02,75.2,10.29
121,sioux lookout,75,CA,1553191200,56,50.1,-91.92,42.8,10.29
122,troitsko-pechorsk,76,RU,1553194269,82,62.71,56.19,30.06,5.17
123,chuy,92,UY,1553194270,100,-33.69,-53.46,63.0,7.52
124,muli,0,IN,1553194270,35,22.62,71.45,74.7,10.31
125,kahului,20,US,1553194216,64,20.89,-156.47,75.2,6.93
126,golden,5,CA,1553191200,60,51.3,-116.96,39.2,2.24
127,kapaa,90,US,1553194103,68,22.08,-159.32,71.6,4.7
128,lewistown,90,US,1553194264,98,40.39,-90.15,48.99,10.29
129,gisborne,92,NZ,1553194211,99,-38.66,178.02,55.0,4.61
130,nhulunbuy,88,AU,1553191200,88,-12.18,136.78,80.6,5.82
131,marawi,0,PH,1553193949,90,8.0,124.29,73.0,5.01
132,kaitangata,68,NZ,1553194276,92,-46.28,169.85,56.25,2.48
133,brunico,0,IT,1553194148,32,46.8,11.94,53.6,1.12
134,vagur,0,FO,1553194276,95,61.47,-6.81,45.99,12.44
135,matucana,68,PE,1553194277,100,-11.84,-76.39,46.17,1.36
136,mahebourg,40,MU,1553194142,78,-20.41,57.7,82.4,6.93
137,port elizabeth,90,US,1553194267,93,39.31,-74.98,53.01,16.11
138,faanui,92,PF,1553194281,100,-16.48,-151.75,84.42,5.73
139,kautokeino,88,NO,1553194281,91,69.01,23.04,26.19,5.61
140,hofn,24,IS,1553194281,100,64.25,-15.21,39.42,18.03
141,chirongui,0,YT,1553193000,83,-12.93,45.15,84.2,5.82
142,lebu,24,ET,1553194282,36,8.96,38.73,62.01,6.06
143,vaini,0,IN,1553194282,77,15.34,74.49,67.59,3.15
144,price,90,US,1553194261,100,39.6,-110.81,43.0,5.17
145,olga,90,US,1553194266,87,34.11,-118.17,60.01,6.93
146,opuwo,76,NA,1553194282,31,-18.06,13.84,81.45,3.6
147,kurilsk,88,RU,1553194283,90,45.23,147.88,36.27,22.39
148,magadan,88,RU,1553194283,94,59.56,150.8,18.18,20.27
149,san quintin,0,PH,1553194283,79,17.54,120.52,67.86,3.6
150,chapais,90,CA,1553191200,83,49.78,-74.86,35.6,12.75
151,harper,40,US,1553194252,48,30.3,-99.24,73.0,4.61
152,qaanaaq,20,GL,1553194284,100,77.48,-69.36,-18.63,5.73
153,merville,0,FR,1553194256,37,43.72,1.3,55.4,4.7
154,castro,90,CL,1553191200,100,-42.48,-73.76,53.6,9.17
155,karakol,0,KG,1553194285,88,42.49,78.39,16.56,2.82
156,inta,80,RU,1553194285,87,66.04,60.13,28.62,6.62
157,ossora,88,RU,1553194285,89,59.24,163.07,27.27,16.02
158,sungaipenuh,36,ID,1553194031,97,-2.08,101.38,65.52,1.36
159,seoul,0,KR,1553191200,50,37.57,126.98,35.6,9.17
160,road town,20,VG,1553194191,65,18.42,-64.62,82.99,10.29
161,kantilo,20,IN,1553191200,100,20.35,85.18,78.8,3.36
162,kruisfontein,0,ZA,1553194286,86,-34.0,24.73,62.91,9.53
163,banganapalle,0,IN,1553194287,79,15.32,78.23,72.72,3.38
164,saint george,20,GR,1553190600,71,39.45,22.34,51.8,5.73
165,taloqan,12,AF,1553194287,86,36.74,69.54,34.47,2.37
166,acapulco,5,MX,1553190420,66,16.86,-99.88,86.0,6.93
167,poum,8,MK,1553194288,76,41.28,20.71,42.12,1.92
168,komsomolskiy,88,RU,1553194289,94,67.55,63.78,27.27,7.85
169,souillac,0,FR,1553194270,43,45.6,-0.6,57.99,6.93
170,muros,0,ES,1553194272,58,42.77,-9.06,60.01,5.82
171,babylon,90,US,1553194286,75,40.7,-73.33,48.99,16.11
172,carnarvon,0,ZA,1553194290,28,-30.97,22.13,67.41,11.77
173,saldanha,0,PT,1553194290,31,41.42,-6.55,55.98,5.39
174,hambantota,20,LK,1553191800,100,6.12,81.12,75.2,3.36
175,sendafa,24,ET,1553194294,36,9.16,39.02,62.01,6.06
176,butaritari,68,KI,1553194294,100,3.07,172.79,80.64,5.84
177,sinnamary,8,GF,1553194294,87,5.38,-52.96,82.26,9.42
178,eirunepe,92,BR,1553194295,78,-6.66,-69.87,84.42,2.93
179,narimanov,0,RU,1553191200,45,46.69,47.85,44.6,2.24
180,zandvoort,90,NL,1553194286,87,52.37,4.53,50.0,6.93
181,pizarro,32,CO,1553194299,90,4.95,-77.37,80.37,4.61
182,auki,68,NG,1553194299,35,12.18,6.51,90.63,6.4
183,hirado,48,JP,1553193793,65,33.32,129.49,57.0,3.0
184,norman wells,75,CA,1553191200,69,65.28,-126.83,35.6,3.38
185,high level,20,CA,1553191200,60,58.52,-117.13,41.0,9.17
186,praia da vitoria,20,PT,1553194032,68,38.73,-27.07,64.4,7.96
187,port blair,12,IN,1553194204,98,11.67,92.75,84.15,10.2
188,banda aceh,24,ID,1553194301,97,5.56,95.32,74.97,1.14
189,hithadhoo,68,MV,1553194301,100,-0.6,73.08,85.5,5.73
190,sorong,56,ID,1553194304,100,-0.86,131.25,81.99,6.17
191,quesnel,1,CA,1553193632,74,52.98,-122.49,42.01,2.24
192,pingdu,0,CN,1553191200,59,36.79,119.95,35.6,6.71
193,avarua,76,CK,1553191200,88,-21.21,-159.78,80.6,3.36
194,tasiilaq,80,GL,1553190600,78,65.61,-37.64,12.2,40.26
195,tommot,8,RU,1553194305,66,58.97,126.27,-5.76,2.48
196,leningradskiy,12,RU,1553194306,47,69.38,178.42,-15.93,5.17
197,srednekolymsk,0,RU,1553194306,33,67.46,153.71,-22.5,2.59
198,totma,88,RU,1553194306,93,59.98,42.76,31.32,10.54
199,neuquen,0,AR,1553191200,37,-38.95,-68.06,71.6,3.36
200,elizabeth city,90,US,1553194263,100,36.3,-76.22,61.0,9.17
201,samarai,92,PG,1553194313,100,-10.62,150.67,80.55,10.2
202,eureka,1,US,1553194116,100,40.8,-124.16,60.01,3.36
203,tucuman,0,PE,1553194314,59,-17.17,-70.89,72.18,4.16
204,sochaczew,75,PL,1553194220,66,52.23,20.24,53.01,9.17
205,xining,92,CN,1553194315,70,36.62,101.77,24.84,3.49
206,san cristobal,75,EC,1553193987,35,-0.39,-78.55,73.4,6.93
207,belyy yar,0,RU,1553191200,85,53.6,91.39,14.0,4.47
208,hasaki,75,JP,1553194234,93,35.73,140.83,62.6,4.7
209,yamada,75,JP,1553194202,82,36.58,137.08,57.2,9.17
210,umm lajj,0,SA,1553194320,100,25.02,37.27,65.79,4.94
211,narsaq,20,GL,1553190600,47,60.91,-46.05,15.8,20.8
212,vanimo,64,PG,1553194320,100,-2.67,141.3,81.81,16.91
213,baft,88,IR,1553194321,57,29.23,56.61,42.12,5.61
214,manadhoo,0,MV,1553194321,96,5.77,73.38,85.59,10.76
215,luocheng,92,CN,1553194321,91,28.29,114.55,57.06,5.5
216,vardo,90,US,1553194102,87,39.62,-77.74,44.6,11.41
217,polson,1,US,1553194083,56,47.69,-114.16,54.0,1.92
218,barranca,8,PE,1553194322,93,-10.75,-77.76,70.74,7.85
219,suamico,90,US,1553194315,96,44.63,-88.04,45.0,13.87
220,cap malheureux,40,MU,1553194142,78,-19.98,57.61,82.4,6.93
221,dalnegorsk,80,RU,1553194323,82,44.56,135.58,24.57,1.36
222,hokitika,80,NZ,1553194323,100,-42.72,170.96,61.38,1.48
223,bambanglipuro,48,ID,1553194323,97,-7.95,110.28,72.18,2.82
224,hamilton,90,CA,1553194254,75,43.26,-79.87,46.0,6.93
225,kanungu,20,UG,1553194325,100,-0.9,29.78,60.3,1.92
226,saint-paul,0,FR,1553194212,50,45.22,1.9,52.0,4.0
227,yangambi,12,CD,1553194329,61,0.77,24.47,86.4,2.15
228,maldonado,20,UY,1553191200,55,-34.91,-54.96,64.4,11.41
229,kharp,64,RU,1553194330,82,66.82,65.8,21.06,8.63
230,mugan,64,CN,1553194330,84,35.94,101.38,18.27,2.37
231,homer,90,US,1553194169,75,59.64,-151.54,43.0,14.99
232,alice springs,0,AU,1553191200,30,-23.7,133.88,69.8,4.7
233,rapar,0,IN,1553194331,45,23.57,70.65,73.8,9.42
234,dikson,68,RU,1553194331,98,73.51,80.55,12.06,17.69
235,saint-philippe,90,CA,1553194216,89,45.36,-73.48,46.0,3.36
236,aranos,0,NA,1553194332,20,-24.14,19.11,79.2,3.15
237,walvis bay,0,NA,1553191330,77,-22.95,14.51,62.6,6.93
238,kavaratti,0,IN,1553194332,100,10.57,72.64,83.79,8.52
239,tabou,48,CI,1553194333,98,4.42,-7.36,83.79,12.44
240,mehamn,0,NO,1553190600,79,71.03,27.85,24.8,16.11
241,coihaique,20,CL,1553191200,45,-45.58,-72.07,64.4,5.82
242,soma,68,JP,1553193927,63,37.8,140.92,55.99,10.0
243,asosa,44,ET,1553194334,21,10.07,34.53,82.8,6.96
244,cayenne,40,GF,1553191200,58,4.94,-52.33,87.8,10.29
245,lasa,20,CY,1553193930,87,34.92,32.53,60.8,4.7
246,los llanos de aridane,20,ES,1553194266,63,28.66,-17.92,66.2,13.87
247,nizhniy kuranakh,24,RU,1553194338,75,58.84,125.49,-4.59,2.48
248,ambilobe,68,MG,1553194341,96,-13.19,49.05,74.97,4.16
249,severo-kurilsk,44,RU,1553194341,100,50.68,156.12,19.8,3.6
250,kirn,0,DE,1553194334,46,49.79,7.46,53.01,6.93
251,goderich,76,CA,1553194234,91,43.74,-81.71,39.99,8.01
252,riyadh,0,SA,1553191200,18,24.63,46.72,71.6,10.29
253,namatanai,48,PG,1553194342,98,-3.66,152.44,82.98,6.96
254,bure,56,NG,1553194343,31,10.52,10.33,93.24,3.94
255,aberdare,75,GB,1553194147,87,51.71,-3.45,55.0,4.7
256,griffith,80,AU,1553191816,41,-34.29,146.06,78.8,8.05
257,hailar,64,CN,1553194344,56,49.2,119.7,16.47,3.04
258,svetlogorsk,40,RU,1553191200,92,53.14,59.15,28.4,2.24
259,nakamura,75,JP,1553194340,87,35.17,136.87,60.01,21.92
260,filingue,0,NE,1553194345,17,14.35,3.32,94.14,6.85
261,salta,75,AR,1553191200,72,-24.79,-65.41,62.6,4.7
262,cidreira,12,BR,1553194346,71,-30.17,-50.22,72.9,9.98
263,partizanskoye,0,UA,1553194346,74,44.83,34.08,36.54,4.83
264,kuna,90,US,1553194322,28,43.49,-116.42,57.99,4.72
265,cherskiy,0,RU,1553194347,40,68.75,161.3,-26.1,2.15
266,dunedin,20,NZ,1553194050,94,-45.87,170.5,60.01,2.93
267,kuytun,80,RU,1553194350,88,54.34,101.51,19.8,2.48
268,bela,0,PK,1553194351,67,26.23,66.31,59.13,2.48
269,tres arroyos,0,AR,1553194351,86,-38.38,-60.28,63.18,7.63
270,bayan,0,MN,1553194351,79,47.25,107.54,11.7,6.4
271,tessalit,56,ML,1553194355,11,20.2,1.01,79.29,7.96
272,goundam,0,ML,1553194355,16,16.42,-3.66,89.82,4.72
273,codrington,40,AU,1553194173,94,-28.95,153.24,71.6,2.59
274,balabac,68,PH,1553194358,99,7.99,117.06,81.9,11.65
275,keti bandar,24,PK,1553194359,97,24.14,67.45,74.25,11.21
276,diego de almagro,0,CL,1553194362,76,-26.39,-70.05,73.8,3.6
277,richards bay,88,ZA,1553194363,99,-28.77,32.06,71.82,9.86
278,nerchinskiy zavod,64,RU,1553194363,64,51.31,119.61,9.27,2.71
279,varhaug,20,NO,1553194203,87,58.61,5.65,42.8,8.05
280,cabrobo,68,BR,1553194364,79,-8.51,-39.31,82.98,9.19
281,lorengau,32,PG,1553194364,100,-2.02,147.27,80.37,5.17
282,lushoto,8,TZ,1553194365,67,-4.8,38.29,73.89,2.37
283,batagay-alyta,0,RU,1553194365,42,67.8,130.41,-28.98,2.59
284,faya,0,SA,1553191200,39,18.39,42.45,64.4,16.11
285,cabedelo,75,BR,1553191200,66,-6.97,-34.84,87.8,10.29
286,pemba,75,MZ,1553191200,83,-12.97,40.52,82.4,6.93
287,antofagasta,20,CL,1553191200,60,-23.65,-70.4,69.8,14.99
288,sobolevo,44,RU,1553194366,79,54.43,31.9,35.64,7.85
289,lagoa,20,PT,1553194330,48,37.14,-8.45,63.0,5.82
290,tiksi,0,RU,1553194367,66,71.64,128.87,-0.9,19.71
291,te anau,92,NZ,1553194265,91,-45.41,167.72,53.82,2.37
292,pacific grove,1,US,1553194354,58,36.62,-121.92,61.0,4.7
293,mount gambier,90,AU,1553193000,93,-37.83,140.78,62.6,6.93
294,iquique,0,CL,1553191200,56,-20.22,-70.14,73.4,16.11
295,zhigalovo,48,RU,1553194368,78,54.81,105.15,14.49,2.26
296,rochester,1,US,1553194106,75,44.02,-92.46,46.99,14.99
297,chara,20,GR,1553190600,71,39.42,22.43,51.8,5.73
298,martil,40,MA,1553193000,62,35.62,-5.28,59.0,23.04
299,kenai,40,US,1553194324,74,60.55,-151.26,42.8,5.82
300,axim,92,GH,1553194369,100,4.87,-2.24,78.3,9.31
301,johnshaven,75,GB,1553194323,93,56.79,-2.34,55.4,8.05
302,santa cruz,1,US,1553194354,71,36.97,-122.03,62.01,3.15
303,lata,48,IN,1553194373,63,30.78,78.62,39.69,2.59
304,nelson bay,75,AU,1553194234,100,-32.72,152.14,69.01,4.7
305,daru,24,SL,1553194373,79,7.99,-10.85,80.73,8.63
306,sao filipe,20,CV,1553194374,93,14.9,-24.5,71.82,14.0
307,krasyliv,88,UA,1553194374,76,49.66,26.97,43.56,9.98
308,deputatskiy,0,RU,1553194374,61,69.3,139.9,-35.19,2.59
309,puerto escondido,20,MX,1553190060,69,15.86,-97.07,82.4,11.41
310,kisangani,24,CD,1553194374,58,0.52,25.21,86.58,3.6
311,wanaka,8,NZ,1553194375,97,-44.7,169.14,47.07,2.82
312,anda,8,CN,1553194375,61,46.41,125.33,9.72,3.83
313,sabzevar,64,IR,1553194375,87,36.21,57.68,36.63,3.6
314,north bend,75,US,1553194218,76,43.41,-124.22,60.01,6.93
315,ilulissat,40,GL,1553190600,52,69.22,-51.1,-7.61,9.17
316,roald,20,NO,1553194203,87,62.58,6.12,41.0,8.05
317,general cepeda,0,MX,1553194242,60,25.38,-101.48,64.99,5.01
318,sao mateus do maranhao,20,BR,1553194377,84,-4.04,-44.48,86.94,4.38
319,kirakira,68,SB,1553194377,100,-10.46,161.92,83.43,8.41
320,mogadishu,88,SO,1553194202,97,2.04,45.34,82.62,19.48
321,batemans bay,76,AU,1553193959,96,-35.71,150.18,64.99,1.01
322,cradock,0,ZA,1553194378,61,-32.16,25.62,60.12,5.39
323,amapa,75,HN,1553191200,62,15.09,-87.97,84.2,9.17
324,eschwege,0,DE,1553194335,62,51.19,10.06,53.6,1.12
325,luderitz,0,NA,1553194159,69,-26.65,15.16,64.98,18.59
326,puerto leguizamo,20,CO,1553194379,58,-0.19,-74.78,91.8,2.48
327,lambarene,48,GA,1553194379,96,-0.7,10.22,77.67,3.27
328,klyuchevskiy,8,RU,1553194379,68,53.53,119.45,5.58,1.81
329,tautira,40,PF,1553193791,94,-17.73,-149.15,77.0,5.82
330,antalaha,48,MG,1553194380,88,-14.9,50.28,80.73,9.31
331,mayumba,0,GA,1553194380,95,-3.44,10.65,82.17,7.4
332,hobyo,76,SO,1553194380,85,5.35,48.53,79.02,12.55
333,belmonte,0,PT,1553193997,50,40.36,-7.35,55.99,0.36
334,egvekinot,48,RU,1553194381,33,66.32,-179.17,-23.58,2.37
335,ak-dovurak,0,RU,1553194381,65,51.17,90.6,5.4,1.36
336,panaba,8,MX,1553194381,44,21.28,-88.27,85.95,8.52
337,hudson bay,0,CA,1553194385,69,52.86,-102.4,43.47,3.38
338,porbandar,0,IN,1553194385,87,21.64,69.61,71.55,11.43
339,buala,92,SB,1553194385,100,-8.15,159.59,78.48,4.61
340,lappersdorf,20,DE,1553194251,52,49.05,12.09,51.01,6.4
341,bereda,0,ES,1553194204,62,43.27,-7.54,57.2,3.36
342,illapel,0,CL,1553194385,80,-31.63,-71.17,67.23,3.71
343,petropavlovsk-kamchatskiy,0,RU,1553191200,60,53.05,158.65,5.0,4.47
344,dodge city,1,US,1553193992,41,37.75,-100.02,62.01,3.36
345,green river,1,US,1553193911,55,41.53,-109.47,37.4,12.75
346,baruun-urt,24,MN,1553194386,49,46.68,113.28,14.85,9.42
347,noumea,0,NC,1553191200,88,-22.28,166.46,71.6,7.63
348,lensk,12,RU,1553194387,60,60.71,114.91,-3.24,4.16
349,la ronge,5,CA,1553191200,52,55.1,-105.3,41.0,4.7
350,muzaffarabad,8,PK,1553194390,81,34.37,73.47,43.65,4.27
351,esperance,20,TT,1553193997,52,10.24,-61.45,89.6,13.87
352,aldan,24,RU,1553194391,75,58.61,125.39,-4.59,2.48
353,talnakh,88,RU,1553194391,92,69.49,88.39,23.22,10.65
354,chokurdakh,0,RU,1553194395,40,70.62,147.9,-26.1,8.97
355,namibe,0,AO,1553194395,99,-15.19,12.15,78.39,4.94
356,lloydminster,5,CA,1553191200,69,53.28,-110.01,39.2,14.99
357,san carlos de bariloche,75,AR,1553191200,48,-41.13,-71.31,60.8,24.16
358,port hardy,40,CA,1553191200,58,50.7,-127.42,53.6,3.36
359,adre,0,TD,1553194399,49,13.47,22.2,79.92,3.94
360,nefteyugansk,40,RU,1553191200,100,61.09,72.61,28.4,6.71
361,yaan,32,NG,1553194400,82,7.38,8.57,79.47,10.65
362,malkangiri,0,IN,1553194400,93,18.35,81.9,67.32,2.71
363,dwarka,40,IN,1553193907,53,28.58,77.04,81.0,5.82
364,manakara,68,MG,1553194403,97,-22.14,48.01,78.75,8.08
365,praia,40,BR,1553191200,69,-20.25,-43.81,77.0,4.7
366,bubaque,0,GW,1553194407,88,11.28,-15.83,81.72,13.67
367,salalah,0,OM,1553190600,65,17.01,54.1,78.8,2.24
368,nandigama,8,IN,1553193000,83,16.78,80.29,77.0,9.53
369,broome,75,GB,1553194399,81,52.47,1.45,57.2,5.82
370,kiomboi,64,TZ,1553194408,95,-4.28,34.41,66.51,3.27
371,hervey bay,0,AU,1553193909,94,-25.3,152.85,73.0,5.61
372,aleppo,8,SY,1553194408,64,36.2,37.17,52.74,3.15
373,bosaso,0,SO,1553194409,100,11.28,49.18,78.21,2.59
374,point fortin,20,TT,1553193997,52,10.16,-61.68,89.6,13.87
375,general roca,0,AR,1553191200,37,-39.03,-67.58,71.6,3.36
376,buraydah,20,SA,1553191200,35,26.33,43.97,73.4,18.34
377,moroto,0,UG,1553194410,52,2.53,34.66,73.35,5.95
378,paamiut,64,GL,1553194410,100,61.99,-49.67,16.65,12.66
379,calama,0,CL,1553193919,13,-22.46,-68.93,77.0,19.46
380,labuhan,92,ID,1553194411,87,-2.54,115.51,76.32,1.7
381,mwense,76,ZM,1553194411,93,-10.39,28.7,66.24,2.59
382,port lincoln,8,AU,1553194411,100,-34.72,135.86,62.82,13.67
383,kailua,20,US,1553194145,77,21.39,-157.74,75.0,8.19
384,white settlement,1,US,1553194402,25,32.76,-97.46,77.0,6.93
385,nkhotakota,24,MW,1553194412,98,-12.93,34.3,74.07,3.71
386,geraldton,90,CA,1553193120,80,49.72,-86.95,33.8,11.41
387,okato,0,NZ,1553194376,85,-39.19,173.88,55.0,1.99
388,sorland,75,NO,1553190600,64,67.67,12.69,35.6,36.91
389,hurup,32,DK,1553194383,93,56.75,8.42,48.2,12.75
390,wilmington,90,US,1553194303,100,39.75,-75.55,51.01,5.82
391,camacha,20,PT,1553193000,63,33.08,-16.33,64.4,13.87
392,ormara,0,PK,1553194417,92,25.21,64.64,69.66,7.18
393,casper,1,US,1553194096,52,42.87,-106.31,50.0,4.7
394,vila franca do campo,20,PT,1553194409,77,37.72,-25.43,59.0,4.7
395,artigas,12,BR,1553194418,56,-30.4,-56.46,72.27,6.73
396,lumphat,36,KH,1553194418,81,13.5,106.97,77.04,2.71
397,nara,75,JP,1553194415,87,34.68,135.8,60.8,17.22
398,palmer,1,US,1553194415,69,61.6,-149.11,43.0,5.82
399,metro,20,ID,1553194419,100,-5.11,105.31,76.59,3.71
400,onega,12,RU,1553194428,84,63.91,38.09,25.02,8.41
401,laje,88,BR,1553194428,65,-13.18,-39.42,85.5,8.63
402,raudeberg,20,NO,1553194203,75,61.99,5.14,41.0,5.82
403,polunochnoye,0,RU,1553194430,78,60.87,60.43,24.57,6.96
404,broken hill,0,AU,1553191200,27,-31.97,141.45,75.2,11.41
405,selikhino,56,RU,1553194430,76,50.37,137.51,11.25,6.29
406,ishigaki,92,JP,1553194387,96,24.34,124.16,76.32,10.76
407,bandarbeyla,0,SO,1553194431,100,9.49,50.81,78.12,7.4
408,freeport,90,BS,1553191200,69,26.54,-78.7,73.4,2.24
409,takoradi,100,GH,1553194431,100,4.89,-1.75,75.87,7.4
410,sao joao da barra,90,BR,1553191200,74,-21.64,-41.05,78.8,18.34
411,cockburn town,0,TC,1553194432,94,21.46,-71.14,81.0,8.52
412,cotonou,40,BJ,1553191200,84,6.37,2.43,86.0,14.99
413,kaele,0,CM,1553191200,19,10.11,14.45,98.6,4.7
414,sahuaripa,0,MX,1553194432,39,29.05,-109.23,71.1,2.59
415,hwange,68,ZW,1553194432,28,-18.35,26.5,85.59,6.62
416,khasan,24,RU,1553194433,99,42.43,130.64,28.8,15.01
417,svetlaya,80,RU,1553194433,100,46.54,138.33,21.24,24.96
418,charters towers,92,AU,1553194433,91,-20.07,146.27,72.54,5.28
419,kalmunai,36,LK,1553194434,100,7.42,81.82,74.79,1.14
420,pak phanang,24,TH,1553194434,100,8.35,100.2,80.46,5.28
421,mtimbira,36,TZ,1553194435,76,-8.78,36.35,75.42,2.15
422,alofi,92,NU,1553191200,94,-19.06,-169.92,75.2,4.7
423,bay roberts,40,CA,1553194410,38,47.58,-53.28,41.0,27.51
424,beyneu,80,KZ,1553194435,70,45.32,55.19,49.05,5.73
425,ozernovskiy,68,RU,1553194436,90,51.5,156.52,17.46,6.73
426,hericourt,0,FR,1553194337,75,47.57,6.76,53.01,2.24
427,henties bay,0,NA,1553191330,89,-22.12,14.28,62.01,5.01
428,vila velha,40,BR,1553194095,66,-3.71,-38.6,88.0,10.29
429,saint-louis,0,CH,1553194380,61,47.59,7.56,53.01,4.72
430,sibolga,76,ID,1553194443,100,1.74,98.78,68.22,1.59
431,aksu,0,KZ,1553191200,92,52.04,76.93,23.0,6.71
432,kanina,8,CD,1553194444,81,-10.73,25.47,69.84,3.15
433,farmington,90,US,1553194013,86,36.73,-108.21,42.8,13.87
434,pangnirtung,40,CA,1553191200,50,66.15,-65.72,-18.41,2.24
435,pontianak,32,ID,1553194448,94,-0.02,109.34,79.74,7.4
436,resavica,20,RS,1553194449,73,44.04,21.58,45.27,2.59
437,hovd,40,NO,1553194311,52,63.83,10.7,41.0,19.46
438,santa maria,0,BR,1553191200,40,-29.69,-53.81,71.6,9.17
439,guerrero negro,56,MX,1553194451,51,27.97,-114.04,65.97,10.87
440,iqaluit,20,CA,1553194366,69,63.75,-68.52,-7.01,2.24
441,pimenta bueno,44,BR,1553194452,77,-11.68,-61.19,84.87,2.93
442,bathsheba,40,BB,1553191200,62,13.22,-59.52,84.2,14.99
443,spas-demensk,64,RU,1553194452,86,54.41,34.03,30.33,3.49
444,haines junction,0,CA,1553194453,91,60.75,-137.51,30.42,2.71
445,sajanan,75,TN,1553191200,100,37.06,9.24,51.8,2.24
446,ahuimanu,20,US,1553194441,77,21.44,-157.84,75.0,8.19
447,bossangoa,12,CF,1553194453,27,6.5,17.45,92.43,7.63
448,las choapas,75,MX,1553190300,74,17.91,-94.09,78.8,13.87
449,taltal,0,CL,1553194457,75,-25.41,-70.49,71.1,3.49
450,meulaboh,8,ID,1553194457,100,4.14,96.13,78.3,2.71
451,rock springs,1,US,1553190840,55,41.59,-109.2,37.4,12.75
452,wuda,0,CN,1553194458,73,39.5,106.72,15.57,3.49
453,anadyr,20,RU,1553194391,74,64.73,177.51,-22.01,13.42
454,laguna,5,MX,1553190120,18,27.52,-110.01,82.4,6.93
455,balkanabat,80,TM,1553194459,86,39.51,54.36,43.65,3.15
456,kiunga,8,PG,1553194459,90,-6.12,141.3,75.6,1.7
457,bellefontaine,90,US,1553194309,81,40.36,-83.76,50.0,5.82
458,kiama,90,AU,1553194327,100,-34.67,150.86,70.0,3.36
459,drakino,76,RU,1553194460,95,54.04,43.26,32.49,5.06
460,borger,90,NL,1553194406,87,52.92,6.79,50.0,5.82
461,verkhnyaya inta,80,RU,1553194460,81,65.99,60.32,28.44,6.4
462,godeanu,36,RO,1553194460,89,44.8,22.61,41.49,1.81
463,santa ines,20,EC,1553193987,55,-0.82,-78.63,73.4,8.05
464,byron bay,88,AU,1553194217,94,-28.65,153.62,73.0,5.84
465,basmat,0,IN,1553194462,45,19.33,77.16,73.8,3.94
466,encruzilhada,92,BR,1553194462,98,-15.53,-40.91,72.09,4.61
467,wewak,64,PG,1553194462,98,-3.55,143.63,75.87,3.6
468,ganganagar,68,IN,1553194462,35,16.78,77.13,81.54,4.5
469,kununurra,24,AU,1553191200,78,-15.77,128.74,82.4,9.19
470,carutapera,92,BR,1553194464,99,-1.2,-46.02,78.66,4.38
471,thinadhoo,20,MV,1553194229,100,0.53,72.93,85.77,8.3
472,alakurtti,68,RU,1553194224,95,66.96,30.34,28.99,5.01
473,sucha beskidzka,75,PL,1553194432,70,49.74,19.59,48.99,5.82
474,caibarien,75,CU,1553190720,39,22.52,-79.47,84.2,9.17
475,burgeo,0,CA,1553194465,96,47.61,-57.61,31.41,14.79
476,monte alegre,32,BR,1553194466,88,-2.0,-54.07,83.52,0.81
477,san andres,56,PH,1553194469,100,13.32,122.68,80.64,9.64
478,zhezkazgan,0,KZ,1553194470,57,47.8,67.71,23.76,5.95
479,gat,0,SN,1553193000,73,14.69,-16.54,73.4,14.99
480,oranjestad,75,AW,1553191200,66,12.52,-70.03,84.2,18.34
481,fairbanks,40,US,1553194352,62,64.84,-147.72,36.0,2.48
482,orlik,8,RU,1553194471,67,52.51,99.83,-5.76,1.92
483,charlestown,90,US,1553194444,75,41.38,-71.64,48.99,11.41
484,koryukivka,0,UA,1553194472,75,51.77,32.25,36.54,7.4
485,huanren,0,CN,1553194472,73,41.26,125.37,17.73,4.16
486,dudinka,80,RU,1553194472,93,69.41,86.18,24.12,9.98
487,kosikha,0,RU,1553191200,58,53.36,84.58,28.4,6.71
488,aklavik,75,CA,1553191200,78,68.22,-135.01,17.6,18.34
489,havoysund,0,NO,1553192400,63,71.0,24.66,30.2,10.29
490,tabuk,0,PH,1553194473,83,17.41,121.44,57.87,1.7
491,eidfjord,8,NO,1553194473,85,60.47,7.07,25.83,3.27
492,ouricuri,48,BR,1553194317,79,-7.88,-40.08,81.72,8.75
493,aqtobe,0,KZ,1553191200,86,50.28,57.21,28.4,3.04
494,padrauna,5,IN,1553189400,72,26.9,83.98,66.2,1.12
495,palauig,0,PH,1553194475,100,15.44,119.9,71.46,3.15
496,itoman,75,JP,1553194391,88,26.12,127.67,75.2,10.29
497,silveira,0,PT,1553194238,67,39.11,-9.36,63.0,9.17
498,nome,1,US,1553194435,26,30.04,-94.42,75.0,3.6
499,jiuquan,0,CN,1553194480,58,39.73,98.49,7.56,2.15
500,wattegama,12,LK,1553194481,94,7.35,80.68,70.02,3.94
501,sabha,0,LY,1553194314,36,27.03,14.43,70.47,8.41
502,touros,40,BR,1553191200,62,-5.2,-35.46,89.6,12.75
503,yeppoon,40,AU,1553191200,94,-23.13,150.74,73.4,3.04
504,yar-sale,44,RU,1553194485,82,66.83,70.83,21.24,11.88
505,maningrida,48,AU,1553194485,92,-12.05,134.23,78.48,7.63
506,ukiah,90,US,1553194466,81,39.15,-123.21,57.0,3.36
507,vilyuysk,0,RU,1553194489,51,63.75,121.63,-9.81,4.61
508,sao felix do xingu,8,BR,1553194489,71,-6.64,-51.99,86.13,2.71
509,piacabucu,20,BR,1553194251,97,-10.41,-36.43,81.54,4.5
510,clyde river,5,CA,1553191200,68,70.47,-68.59,-18.41,2.24
511,sisimiut,12,GL,1553194372,70,66.94,-53.67,-11.16,2.15
512,challans,0,FR,1553194326,71,46.85,-1.88,54.0,4.7
513,honiara,44,SB,1553194490,100,-9.43,159.96,72.81,1.81
514,lufilufi,20,WS,1553191200,94,-13.87,-171.6,77.0,4.7
515,derzhavinsk,0,KZ,1553194493,74,51.1,66.31,23.4,6.96
516,inuvik,90,CA,1553191200,78,68.36,-133.71,17.6,12.75
517,cibitoke,32,BI,1553194494,98,-2.89,29.12,60.48,1.36
518,wanning,0,AT,1553194483,45,48.64,13.53,48.2,5.82
519,grand gaube,40,MU,1553194441,78,-20.01,57.66,82.4,6.93
520,lerwick,0,GB,1553192400,81,60.15,-1.15,44.6,8.05
521,birjand,20,IR,1553191200,52,32.86,59.22,44.6,6.93
522,obihiro,20,JP,1553194498,89,42.92,143.2,36.81,13.78
523,serebryansk,0,KZ,1553194499,63,49.68,83.3,13.77,2.04
524,rio grande,20,BR,1553191200,33,-32.03,-52.1,73.4,8.05
525,port-gentil,20,GA,1553191200,83,-0.72,8.78,84.2,6.93
526,taoudenni,88,ML,1553194501,9,22.68,-3.98,84.15,0.58
527,kyshtovka,0,RU,1553194501,84,56.56,76.62,20.7,12.55
528,benguela,68,AO,1553194502,95,-12.58,13.4,82.35,6.06
529,puro,56,PH,1553194502,89,13.13,123.76,71.82,3.49
530,ostersund,20,SE,1553194308,62,63.18,14.64,32.0,17.22
531,araouane,0,ML,1553194504,11,18.9,-3.53,86.94,5.06
532,ashford,75,GB,1553194305,76,51.15,0.87,57.2,5.82
533,bosobolo,8,CD,1553194505,78,4.19,19.88,81.0,2.93
534,altay,0,CN,1553194505,58,47.83,88.13,0.81,2.15
535,novobirilyussy,44,RU,1553194506,84,56.95,90.69,20.7,6.4
536,grand-lahou,20,CI,1553194506,69,5.24,-5.0,85.32,9.31
537,port said,20,EG,1553194507,20,25.34,30.55,73.26,10.09
538,ust-omchug,68,RU,1553194507,78,61.13,149.63,-9.9,2.59
539,tecoanapa,5,MX,1553190420,66,16.99,-99.26,86.0,6.93
540,carbonia,0,IT,1553192400,51,39.17,8.53,60.8,11.41
541,kargasok,36,RU,1553194511,81,59.06,80.87,30.69,9.42
542,nueva gerona,0,CU,1553194242,83,21.88,-82.8,78.21,12.1
543,chunskiy,56,RU,1553194514,86,56.08,99.63,19.8,2.71
544,merauke,80,ID,1553194515,91,-8.49,140.4,81.36,16.46
545,sept-iles,75,CA,1553194108,80,50.2,-66.38,34.0,13.87
546,mount pleasant,1,US,1553194399,26,33.16,-94.97,75.0,10.29
547,susanville,1,US,1553194368,49,40.42,-120.65,48.2,12.75
548,sabang,8,PH,1553194516,98,13.72,123.58,73.35,6.4
549,maniitsoq,32,GL,1553194517,100,65.42,-52.9,-2.7,5.5
550,ushtobe,20,KZ,1553194517,78,45.25,77.98,30.33,2.15
551,turayf,20,SA,1553191200,38,31.68,38.65,60.8,17.22
552,marystown,12,CA,1553193716,100,47.17,-55.16,39.99,16.35
